{"cameraMode":{"drawMode":0,"name":"Shaded","section":"Shading Mode"},"sceneLighting":true,"audioPlay":false,"sceneViewState":{"showFog":true,"showMaterialUpdate":false,"showSkybox":true,"showFlares":true,"showImageEffects":true,"showParticleSystems":true},"in2DMode":false,"pivot":{"x":9.484695434570313,"y":31.222993850708009,"z":-40.006080627441409},"rotation":{"x":0.3387857675552368,"y":-0.09293405711650849,"z":0.03364985063672066,"w":0.9356588125228882},"size":-32.0292854309082,"orthographic":false}